{"vc": 0.073210161662817561, "an": 0.53571428571428692, "in": 1.2855319148936264, "EnEn": 0.32261904761904631, "eI^": 0.58200000000000363, "aI^": 0.67959999999998311, "rr": 0.11488372093023252, "@n": 0.75704918032787327, "ONE": 0.41100000000000014, "9": 0.50499999999999989, "?": 0.048095238095238101, "sil": 0.14885714285714285, "@": 0.29346153846153838, "E": 0.49300000000000183, "yn": 0.29666666666666658, "H": 0.19000000000000006, "O": 0.53699999999999515, "N": 0.10815789473684209, "y": 0.51879999999999993, "S": 0.457454545454545, "nvc": 0.055720771850170249, "oU^": 0.51606299212597995, "AU^": 0.37607594936708921, "a": 0.59778571428571403, "iNiN": 0.56415584415584441, "j": 0.16229629629629613, "i": 0.27768867924528307, "UN": 0.38756097560975605, "u": 0.18490765171504003, "SN": 0.42891304347826087, "ANAN": 0.37788888888888927, "MM": 0.34612903225806463}