{"vc": 0.098998109640831763, "an": 1.0207438016528887, "in": 1.4857500000000079, "EnEn": 1.0283684210526325, "ONE": 1.1195698924731141, "aI^": 1.0197777777777768, "rr": 0.25897435897435811, "@n": 0.89824120603015123, "eI^": 0.86155172413793302, "9": 0.59947368421052427, "?": 0.074536082474226786, "sil": 0.30798657718120831, "@": 0.30148148148148135, "E": 0.71849315068492925, "yn": 1.6237500000000138, "H": 0.44171428571428561, "O": 0.73464566929134234, "N": 0.15674757281553398, "y": 0.71403669724770513, "S": 0.92326086956521558, "nvc": 0.095506798516687252, "oU^": 0.73517730496454037, "AU^": 0.74957055214723844, "a": 1.1733333333333347, "i": 0.72338323353293588, "j": 0.34527724665391973, "iNiN": 1.1859444444444438, "UN": 0.85921739130434804, "u": 0.45774760383386476, "SN": 1.011647058823528, "ANAN": 1.1091304347826081, "MM": 1.0311111111111124}